[
    {
        "name": "africastalking/africastalking",
        "version": "v3.0.0",
        "version_normalized": "3.0.0.0",
        "source": {
            "type": "git",
            "url": "https://github.com/AfricasTalkingLtd/africastalking-php.git",
            "reference": "94e17a13eaaf782cf7697bfc7da020398a2b6f13"
        },
        "dist": {
            "type": "zip",
            "url": "https://api.github.com/repos/AfricasTalkingLtd/africastalking-php/zipball/94e17a13eaaf782cf7697bfc7da020398a2b6f13",
            "reference": "94e17a13eaaf782cf7697bfc7da020398a2b6f13",
            "shasum": ""
        },
        "require": {
            "guzzlehttp/guzzle": "^6.0 || ^7.0",
            "php": ">=7.1"
        },
        "require-dev": {
            "phpunit/phpunit": "^9.3"
        },
        "time": "2020-10-11T00:52:15+00:00",
        "type": "library",
        "installation-source": "dist",
        "autoload": {
            "psr-4": {
                "AfricasTalking\\SDK\\": "src/",
                "AfricasTalking\\SDK\\Tests\\": "tests"
            }
        },
        "notification-url": "https://packagist.org/downloads/",
        "license": [
            "MIT"
        ],
        "authors": [
            {
                "name": "Africas's Talking",
                "email": "support@africastalking.com",
                "homepage": "https://www.africastalking.com"
            }
        ],
        "description": "Official Africa's Talking PHP SDK",
        "homepage": "http://github.com/AfricasTalkingLtd/africastalking-php",
        "keywords": [
            "Africastalking",
            "airtime",
            "api",
            "sms",
            "text message",
            "ussd",
            "voice"
        ]
    },
    {
        "name": "guzzlehttp/guzzle",
        "version": "7.5.0",
        "version_normalized": "7.5.0.0",
        "source": {
            "type": "git",
            "url": "https://github.com/guzzle/guzzle.git",
            "reference": "b50a2a1251152e43f6a37f0fa053e730a67d25ba"
        },
        "dist": {
            "type": "zip",
            "url": "https://api.github.com/repos/guzzle/guzzle/zipball/b50a2a1251152e43f6a37f0fa053e730a67d25ba",
            "reference": "b50a2a1251152e43f6a37f0fa053e730a67d25ba",
            "shasum": ""
        },
        "require": {
            "ext-json": "*",
            "guzzlehttp/promises": "^1.5",
            "guzzlehttp/psr7": "^1.9 || ^2.4",
            "php": "^7.2.5 || ^8.0",
            "psr/http-client": "^1.0",
            "symfony/deprecation-contracts": "^2.2 || ^3.0"
        },
        "provide": {
            "psr/http-client-implementation": "1.0"
        },
        "require-dev": {
            "bamarni/composer-bin-plugin": "^1.8.1",
            "ext-curl": "*",
            "php-http/client-integration-tests": "^3.0",
            "phpunit/phpunit": "^8.5.29 || ^9.5.23",
            "psr/log": "^1.1 || ^2.0 || ^3.0"
        },
        "suggest": {
            "ext-curl": "Required for CURL handler support",
            "ext-intl": "Required for Internationalized Domain Name (IDN) support",
            "psr/log": "Required for using the Log middleware"
        },
        "time": "2022-08-28T15:39:27+00:00",
        "type": "library",
        "extra": {
            "bamarni-bin": {
                "bin-links": true,
                "forward-command": false
            },
            "branch-alias": {
                "dev-master": "7.5-dev"
            }
        },
        "installation-source": "dist",
        "autoload": {
            "files": [
                "src/functions_include.php"
            ],
            "psr-4": {
                "GuzzleHttp\\": "src/"
            }
        },
        "notification-url": "https://packagist.org/downloads/",
        "license": [
            "MIT"
        ],
        "authors": [
            {
                "name": "Graham Campbell",
                "email": "hello@gjcampbell.co.uk",
                "homepage": "https://github.com/GrahamCampbell"
            },
            {
                "name": "Michael Dowling",
                "email": "mtdowling@gmail.com",
                "homepage": "https://github.com/mtdowling"
            },
            {
                "name": "Jeremy Lindblom",
                "email": "jeremeamia@gmail.com",
                "homepage": "https://github.com/jeremeamia"
            },
            {
                "name": "George Mponos",
                "email": "gmponos@gmail.com",
                "homepage": "https://github.com/gmponos"
            },
            {
                "name": "Tobias Nyholm",
                "email": "tobias.nyholm@gmail.com",
                "homepage": "https://github.com/Nyholm"
            },
            {
                "name": "Márk Sági-Kazár",
                "email": "mark.sagikazar@gmail.com",
                "homepage": "https://github.com/sagikazarmark"
            },
            {
                "name": "Tobias Schultze",
                "email": "webmaster@tubo-world.de",
                "homepage": "https://github.com/Tobion"
            }
        ],
        "description": "Guzzle is a PHP HTTP client library",
        "keywords": [
            "client",
            "curl",
            "framework",
            "http",
            "http client",
            "psr-18",
            "psr-7",
            "rest",
            "web service"
        ]
    },
    {
        "name": "guzzlehttp/promises",
        "version": "1.5.2",
        "version_normalized": "1.5.2.0",
        "source": {
            "type": "git",
            "url": "https://github.com/guzzle/promises.git",
            "reference": "b94b2807d85443f9719887892882d0329d1e2598"
        },
        "dist": {
            "type": "zip",
            "url": "https://api.github.com/repos/guzzle/promises/zipball/b94b2807d85443f9719887892882d0329d1e2598",
            "reference": "b94b2807d85443f9719887892882d0329d1e2598",
            "shasum": ""
        },
        "require": {
            "php": ">=5.5"
        },
        "require-dev": {
            "symfony/phpunit-bridge": "^4.4 || ^5.1"
        },
        "time": "2022-08-28T14:55:35+00:00",
        "type": "library",
        "extra": {
            "branch-alias": {
                "dev-master": "1.5-dev"
            }
        },
        "installation-source": "dist",
        "autoload": {
            "files": [
                "src/functions_include.php"
            ],
            "psr-4": {
                "GuzzleHttp\\Promise\\": "src/"
            }
        },
        "notification-url": "https://packagist.org/downloads/",
        "license": [
            "MIT"
        ],
        "authors": [
            {
                "name": "Graham Campbell",
                "email": "hello@gjcampbell.co.uk",
                "homepage": "https://github.com/GrahamCampbell"
            },
            {
                "name": "Michael Dowling",
                "email": "mtdowling@gmail.com",
                "homepage": "https://github.com/mtdowling"
            },
            {
                "name": "Tobias Nyholm",
                "email": "tobias.nyholm@gmail.com",
                "homepage": "https://github.com/Nyholm"
            },
            {
                "name": "Tobias Schultze",
                "email": "webmaster@tubo-world.de",
                "homepage": "https://github.com/Tobion"
            }
        ],
        "description": "Guzzle promises library",
        "keywords": [
            "promise"
        ]
    },
    {
        "name": "guzzlehttp/psr7",
        "version": "2.4.3",
        "version_normalized": "2.4.3.0",
        "source": {
            "type": "git",
            "url": "https://github.com/guzzle/psr7.git",
            "reference": "67c26b443f348a51926030c83481b85718457d3d"
        },
        "dist": {
            "type": "zip",
            "url": "https://api.github.com/repos/guzzle/psr7/zipball/67c26b443f348a51926030c83481b85718457d3d",
            "reference": "67c26b443f348a51926030c83481b85718457d3d",
            "shasum": ""
        },
        "require": {
            "php": "^7.2.5 || ^8.0",
            "psr/http-factory": "^1.0",
            "psr/http-message": "^1.0",
            "ralouphie/getallheaders": "^3.0"
        },
        "provide": {
            "psr/http-factory-implementation": "1.0",
            "psr/http-message-implementation": "1.0"
        },
        "require-dev": {
            "bamarni/composer-bin-plugin": "^1.8.1",
            "http-interop/http-factory-tests": "^0.9",
            "phpunit/phpunit": "^8.5.29 || ^9.5.23"
        },
        "suggest": {
            "laminas/laminas-httphandlerrunner": "Emit PSR-7 responses"
        },
        "time": "2022-10-26T14:07:24+00:00",
        "type": "library",
        "extra": {
            "bamarni-bin": {
                "bin-links": true,
                "forward-command": false
            },
            "branch-alias": {
                "dev-master": "2.4-dev"
            }
        },
        "installation-source": "dist",
        "autoload": {
            "psr-4": {
                "GuzzleHttp\\Psr7\\": "src/"
            }
        },
        "notification-url": "https://packagist.org/downloads/",
        "license": [
            "MIT"
        ],
        "authors": [
            {
                "name": "Graham Campbell",
                "email": "hello@gjcampbell.co.uk",
                "homepage": "https://github.com/GrahamCampbell"
            },
            {
                "name": "Michael Dowling",
                "email": "mtdowling@gmail.com",
                "homepage": "https://github.com/mtdowling"
            },
            {
                "name": "George Mponos",
                "email": "gmponos@gmail.com",
                "homepage": "https://github.com/gmponos"
            },
            {
                "name": "Tobias Nyholm",
                "email": "tobias.nyholm@gmail.com",
                "homepage": "https://github.com/Nyholm"
            },
            {
                "name": "Márk Sági-Kazár",
                "email": "mark.sagikazar@gmail.com",
                "homepage": "https://github.com/sagikazarmark"
            },
            {
                "name": "Tobias Schultze",
                "email": "webmaster@tubo-world.de",
                "homepage": "https://github.com/Tobion"
            },
            {
                "name": "Márk Sági-Kazár",
                "email": "mark.sagikazar@gmail.com",
                "homepage": "https://sagikazarmark.hu"
            }
        ],
        "description": "PSR-7 message implementation that also provides common utility methods",
        "keywords": [
            "http",
            "message",
            "psr-7",
            "request",
            "response",
            "stream",
            "uri",
            "url"
        ]
    },
    {
        "name": "psr/http-client",
        "version": "1.0.1",
        "version_normalized": "1.0.1.0",
        "source": {
            "type": "git",
            "url": "https://github.com/php-fig/http-client.git",
            "reference": "2dfb5f6c5eff0e91e20e913f8c5452ed95b86621"
        },
        "dist": {
            "type": "zip",
            "url": "https://api.github.com/repos/php-fig/http-client/zipball/2dfb5f6c5eff0e91e20e913f8c5452ed95b86621",
            "reference": "2dfb5f6c5eff0e91e20e913f8c5452ed95b86621",
            "shasum": ""
        },
        "require": {
            "php": "^7.0 || ^8.0",
            "psr/http-message": "^1.0"
        },
        "time": "2020-06-29T06:28:15+00:00",
        "type": "library",
        "extra": {
            "branch-alias": {
                "dev-master": "1.0.x-dev"
            }
        },
        "installation-source": "dist",
        "autoload": {
            "psr-4": {
                "Psr\\Http\\Client\\": "src/"
            }
        },
        "notification-url": "https://packagist.org/downloads/",
        "license": [
            "MIT"
        ],
        "authors": [
            {
                "name": "PHP-FIG",
                "homepage": "http://www.php-fig.org/"
            }
        ],
        "description": "Common interface for HTTP clients",
        "homepage": "https://github.com/php-fig/http-client",
        "keywords": [
            "http",
            "http-client",
            "psr",
            "psr-18"
        ]
    },
    {
        "name": "psr/http-factory",
        "version": "1.0.1",
        "version_normalized": "1.0.1.0",
        "source": {
            "type": "git",
            "url": "https://github.com/php-fig/http-factory.git",
            "reference": "12ac7fcd07e5b077433f5f2bee95b3a771bf61be"
        },
        "dist": {
            "type": "zip",
            "url": "https://api.github.com/repos/php-fig/http-factory/zipball/12ac7fcd07e5b077433f5f2bee95b3a771bf61be",
            "reference": "12ac7fcd07e5b077433f5f2bee95b3a771bf61be",
            "shasum": ""
        },
        "require": {
            "php": ">=7.0.0",
            "psr/http-message": "^1.0"
        },
        "time": "2019-04-30T12:38:16+00:00",
        "type": "library",
        "extra": {
            "branch-alias": {
                "dev-master": "1.0.x-dev"
            }
        },
        "installation-source": "dist",
        "autoload": {
            "psr-4": {
                "Psr\\Http\\Message\\": "src/"
            }
        },
        "notification-url": "https://packagist.org/downloads/",
        "license": [
            "MIT"
        ],
        "authors": [
            {
                "name": "PHP-FIG",
                "homepage": "http://www.php-fig.org/"
            }
        ],
        "description": "Common interfaces for PSR-7 HTTP message factories",
        "keywords": [
            "factory",
            "http",
            "message",
            "psr",
            "psr-17",
            "psr-7",
            "request",
            "response"
        ]
    },
    {
        "name": "psr/http-message",
        "version": "1.0.1",
        "version_normalized": "1.0.1.0",
        "source": {
            "type": "git",
            "url": "https://github.com/php-fig/http-message.git",
            "reference": "f6561bf28d520154e4b0ec72be95418abe6d9363"
        },
        "dist": {
            "type": "zip",
            "url": "https://api.github.com/repos/php-fig/http-message/zipball/f6561bf28d520154e4b0ec72be95418abe6d9363",
            "reference": "f6561bf28d520154e4b0ec72be95418abe6d9363",
            "shasum": ""
        },
        "require": {
            "php": ">=5.3.0"
        },
        "time": "2016-08-06T14:39:51+00:00",
        "type": "library",
        "extra": {
            "branch-alias": {
                "dev-master": "1.0.x-dev"
            }
        },
        "installation-source": "dist",
        "autoload": {
            "psr-4": {
                "Psr\\Http\\Message\\": "src/"
            }
        },
        "notification-url": "https://packagist.org/downloads/",
        "license": [
            "MIT"
        ],
        "authors": [
            {
                "name": "PHP-FIG",
                "homepage": "http://www.php-fig.org/"
            }
        ],
        "description": "Common interface for HTTP messages",
        "homepage": "https://github.com/php-fig/http-message",
        "keywords": [
            "http",
            "http-message",
            "psr",
            "psr-7",
            "request",
            "response"
        ]
    },
    {
        "name": "ralouphie/getallheaders",
        "version": "3.0.3",
        "version_normalized": "3.0.3.0",
        "source": {
            "type": "git",
            "url": "https://github.com/ralouphie/getallheaders.git",
            "reference": "120b605dfeb996808c31b6477290a714d356e822"
        },
        "dist": {
            "type": "zip",
            "url": "https://api.github.com/repos/ralouphie/getallheaders/zipball/120b605dfeb996808c31b6477290a714d356e822",
            "reference": "120b605dfeb996808c31b6477290a714d356e822",
            "shasum": ""
        },
        "require": {
            "php": ">=5.6"
        },
        "require-dev": {
            "php-coveralls/php-coveralls": "^2.1",
            "phpunit/phpunit": "^5 || ^6.5"
        },
        "time": "2019-03-08T08:55:37+00:00",
        "type": "library",
        "installation-source": "dist",
        "autoload": {
            "files": [
                "src/getallheaders.php"
            ]
        },
        "notification-url": "https://packagist.org/downloads/",
        "license": [
            "MIT"
        ],
        "authors": [
            {
                "name": "Ralph Khattar",
                "email": "ralph.khattar@gmail.com"
            }
        ],
        "description": "A polyfill for getallheaders."
    },
    {
        "name": "symfony/deprecation-contracts",
        "version": "v2.5.2",
        "version_normalized": "2.5.2.0",
        "source": {
            "type": "git",
            "url": "https://github.com/symfony/deprecation-contracts.git",
            "reference": "e8b495ea28c1d97b5e0c121748d6f9b53d075c66"
        },
        "dist": {
            "type": "zip",
            "url": "https://api.github.com/repos/symfony/deprecation-contracts/zipball/e8b495ea28c1d97b5e0c121748d6f9b53d075c66",
            "reference": "e8b495ea28c1d97b5e0c121748d6f9b53d075c66",
            "shasum": ""
        },
        "require": {
            "php": ">=7.1"
        },
        "time": "2022-01-02T09:53:40+00:00",
        "type": "library",
        "extra": {
            "branch-alias": {
                "dev-main": "2.5-dev"
            },
            "thanks": {
                "name": "symfony/contracts",
                "url": "https://github.com/symfony/contracts"
            }
        },
        "installation-source": "dist",
        "autoload": {
            "files": [
                "function.php"
            ]
        },
        "notification-url": "https://packagist.org/downloads/",
        "license": [
            "MIT"
        ],
        "authors": [
            {
                "name": "Nicolas Grekas",
                "email": "p@tchwork.com"
            },
            {
                "name": "Symfony Community",
                "homepage": "https://symfony.com/contributors"
            }
        ],
        "description": "A generic function and convention to trigger deprecation notices",
        "homepage": "https://symfony.com"
    }
]
